16787346;590;568;612;669;622;749
16787347;619;501;505;513;688;641
16787348;694;729;647;662;629;736
16787349;602;676;576;525;723;491
16787350;571;490;498;642;623;621
16787351;651;657;498;493;516;733
16787352;531;483;720;535;670;711
16787353;703;715;497;577;689;503
16787354;548;667;532;667;747;566
16787355;545;671;605;541;492;623
16787356;721;725;555;615;537;650
16787357;558;547;716;553;654;502
16787358;738;601;706;594;511;614
16787359;571;556;609;650;619;531
16787360;699;515;691;722;629;645
16787361;631;561;525;527;481;591
16787362;735;497;736;592;610;545
16787363;641;613;528;748;740;694
16787364;649;524;678;571;663;497
16787365;494;486;557;648;694;511
16787366;546;543;732;629;479;742
16787367;591;708;724;649;537;591
16787368;737;481;646;553;584;724
16787369;591;646;729;723;492;697
16787370;704;625;679;496;568;516
16787371;628;574;732;583;730;655
16787372;688;594;742;583;738;591
16787373;493;734;576;724;503;667
16787374;509;692;729;523;664;709
16787375;493;708;611;723;500;661
16787376;741;597;545;623;637;510
16787377;627;518;652;479;529;679
16787378;577;713;535;588;710;588
16787379;558;542;675;649;711;657
16787380;559;513;523;541;720;516
16787381;589;671;640;674;591;532
16787382;507;530;631;522;510;492
16787383;723;478;692;627;520;613
16787384;675;557;705;643;483;518
16787385;544;502;593;720;663;550
16787386;704;515;701;527;514;606
16787387;584;636;483;549;743;505
16787388;704;613;740;504;523;561
16787389;595;577;647;663;687;641
16787390;726;731;555;617;653;716
16787391;512;682;593;515;649;726
16787392;733;635;507;738;747;625
16787393;596;606;497;689;599;491
16787394;736;604;673;530;728;485
16787395;693;622;738;598;560;551
16787396;683;635;610;669;647;577
16787397;514;662;493;498;480;646
16787398;664;599;718;734;538;520
16787399;645;547;580;566;601;502
16787400;529;565;704;611;478;719
16787401;620;624;667;537;720;718
16787402;712;682;607;491;478;710
16787403;684;669;736;514;742;675
16787404;549;749;490;579;636;484
16787405;740;519;495;585;640;662
16787406;616;666;598;632;537;747
16787407;671;612;585;746;651;599
16787408;654;638;577;726;483;728
16787409;625;501;516;586;481;689
16787410;531;508;732;507;539;562
16787411;597;746;704;486;701;537
16787412;724;494;716;547;748;530
16787413;497;510;572;554;701;579
16787414;503;563;475;578;599;636
16787415;551;741;733;614;507;514
16787416;729;620;693;653;577;526
16787417;486;510;565;602;697;497
16787418;548;672;718;610;692;647
16787419;587;662;513;601;580;585
16787420;533;554;650;625;700;566
16787421;482;482;616;511;491;509
16787422;477;508;525;704;522;698
16787423;690;739;661;534;531;592
16787424;514;727;711;600;674;577
16787425;692;653;553;748;604;709
16787426;735;699;528;563;702;741
16787427;733;533;622;541;536;586
16787428;549;523;649;510;490;701
16787429;521;745;518;686;509;698
16787430;651;696;565;705;535;679
16787431;703;649;648;714;698;509
16787432;526;529;639;624;543;593
16787433;749;647;748;498;711;676
16787434;536;619;614;582;657;525
16787435;592;665;539;660;533;529
16787436;741;700;530;690;497;717
16787437;636;566;718;733;628;609
16787438;493;601;664;684;710;742
16787439;650;511;527;679;502;617
16787440;582;647;591;629;711;647
16787441;583;644;490;639;653;586
16787442;718;540;664;616;708;640
16787443;547;661;626;624;525;641
16787444;501;631;561;604;493;742
16787445;747;721;667;739;690;653
16787446;504;571;652;716;538;698
16787447;591;641;537;729;605;665
16787448;601;483;509;676;691;514
16787449;658;680;544;744;477;532
16787450;565;520;609;692;643;510
16787451;729;590;666;641;539;616
16787452;735;680;715;620;727;729
16787453;673;734;611;553;673;527
16787454;566;714;693;630;681;476
16787455;526;559;612;628;558;725
16787456;698;683;515;680;548;691
16787457;506;478;501;646;532;739
16787458;744;632;486;664;702;673
16787459;511;673;648;648;724;644
16787460;604;484;723;601;676;530
16787461;526;498;621;480;642;681
16787462;653;679;600;561;637;700
16787463;571;561;742;523;720;516
16787464;623;557;610;624;648;614
16787465;542;557;734;684;506;548
16787466;648;523;536;664;583;707
16787467;654;546;532;578;663;698
16787468;548;611;495;686;565;584
16787469;484;583;656;703;637;679
16787470;648;482;664;578;544;689
16787471;690;660;588;476;600;622
16787472;606;743;617;671;532;509
16787473;679;649;612;608;668;555
16787474;490;717;592;735;611;504
16787475;580;543;616;555;674;496
16787476;536;619;544;668;674;564
16787477;524;652;575;544;657;676
16787478;747;671;482;484;491;672
16787479;725;504;639;663;614;632
16787480;596;505;639;484;679;580
16787481;479;532;492;639;495;610
16787482;645;702;734;718;597;716
16787483;554;588;568;548;683;623
16787484;567;685;711;512;531;569
16787485;532;717;672;511;509;716
16787486;667;699;733;531;523;693
16787487;518;685;535;606;559;713
16787488;527;679;646;683;483;650
16787489;540;604;548;725;747;550
16787490;582;682;630;613;685;582
16787491;748;594;481;631;606;734
16787492;576;565;529;515;698;674
16787493;673;668;531;525;581;516
16787494;502;580;688;507;521;585
16787495;549;672;716;515;658;749
16787496;634;666;539;658;630;713
16787497;640;597;629;582;530;708
16787498;479;560;700;520;594;590
16787499;740;488;701;630;511;640
16787500;570;693;504;610;644;719
16787501;729;522;592;589;551;609
16787502;706;512;634;593;644;642
16787503;616;654;555;484;597;578
16787504;552;562;687;560;711;717
16787505;489;738;667;628;492;743
16787506;526;567;747;587;518;738
16787507;488;563;560;733;639;712
16787508;693;581;492;617;496;655
16787509;652;543;630;699;584;579
16787510;486;511;571;721;648;667
16787511;507;629;552;717;741;496
16787512;497;506;588;627;591;739
16787513;735;730;650;479;475;571
16787514;534;628;487;563;679;574
16787515;708;737;711;644;535;745
16787516;650;515;647;725;713;560
16787517;523;495;520;586;722;684
16787518;546;499;697;550;597;581
16787519;667;596;590;556;609;730
16787520;602;495;544;518;475;744
16787521;602;584;617;477;503;500
16787522;485;593;597;712;748;483
16787523;550;573;699;744;521;591
16787524;613;492;743;573;675;496
16787525;554;587;682;728;628;516
16787526;737;478;572;527;611;505
16787527;518;622;584;617;637;565
16787528;580;687;539;696;641;704
16787529;514;496;572;486;563;579
16787530;741;629;740;610;669;578
16787531;574;717;498;690;613;736
16787532;626;720;495;673;587;603
16787533;511;701;497;686;748;666
16787534;538;522;738;746;734;609
16787535;606;595;685;705;727;495
16787536;582;548;501;677;497;496
16787537;707;643;692;618;568;606
16787538;741;585;575;715;631;595
16787539;603;698;709;600;654;490
16787540;547;564;509;708;497;709
16787541;745;525;563;712;579;606
16787542;621;483;675;667;730;602
16787543;498;509;477;524;617;623
16787544;740;708;640;703;548;728
16787545;494;528;483;678;726;691
16787546;745;713;669;687;623;626
16787547;649;518;692;630;539;516
16787548;617;489;553;539;557;645
16787549;641;585;630;576;655;624
16787550;668;495;621;525;745;476
16787551;519;602;529;601;477;488
16787552;522;572;724;666;490;651
16787553;719;590;647;486;640;634
16787554;587;483;713;550;531;599
16787555;615;567;740;675;495;633
16787556;640;688;719;570;732;626
16787557;704;512;617;749;634;590
16787558;523;656;549;692;590;720
16787559;728;522;715;579;529;732
16787560;528;677;485;508;708;718
16787561;577;614;661;609;628;671
16787562;485;649;697;665;639;608
16787563;494;637;697;557;521;745
16787564;508;683;648;635;606;559
16787565;475;511;738;658;593;673
16787566;691;557;643;747;613;487
16787567;557;532;635;618;559;601
16787568;637;615;518;650;662;488
16787569;521;524;517;539;611;602
16787570;554;671;628;725;598;542
16787571;636;519;716;515;647;522
16787572;620;621;664;515;629;515
16787573;555;734;547;671;635;610
16787574;707;674;675;598;745;737
16787575;609;734;500;645;563;483
16787576;738;662;486;749;572;509
16787577;672;578;534;612;723;545
16787578;686;653;631;738;734;735
16787579;736;709;745;587;659;678
16787580;579;575;499;509;608;737
16787581;591;690;723;529;674;571
16787582;530;695;695;707;544;640
16787583;711;633;699;489;528;713
16787584;702;711;494;582;502;534
16787585;595;615;585;723;637;654
16787586;486;486;686;580;545;721
16787587;581;567;581;592;663;636
16787588;717;730;559;683;582;704
16787589;529;597;728;501;521;621
16787590;543;724;477;688;476;524
16787591;713;619;654;722;743;476
16787592;540;718;721;575;544;535
16787593;701;499;706;562;662;595
16787594;705;691;654;609;528;655
16787595;533;500;523;626;674;519
16787596;537;720;708;613;501;608
16787597;519;634;630;706;588;693
16787598;533;723;624;528;592;659
16787599;575;729;583;725;504;584
16787600;570;649;587;538;703;682
16787601;740;558;583;511;708;475
16787602;740;642;496;503;563;740
16787603;555;544;745;524;602;539
16787604;649;511;641;491;531;646
16787605;669;705;583;503;656;584
16787606;574;522;487;566;646;715
16787607;620;519;680;580;486;648
16787608;610;746;555;542;624;575
16787609;718;532;732;696;604;476
16787610;666;508;740;596;616;684
16787611;704;572;670;538;665;482
16787612;618;481;546;486;671;526
16787613;630;486;488;558;738;575
16787614;493;671;565;663;619;610
16787615;566;548;593;539;678;542
16787616;672;709;633;482;696;525
16787617;530;591;648;622;749;531
16787618;689;658;679;737;737;668
16787619;486;698;628;644;706;594
16787620;588;666;641;627;517;617
16787621;599;597;634;689;642;601
16787622;478;536;653;740;563;658
16787623;716;492;680;723;631;600
16787624;741;656;638;606;551;674
16787625;573;609;682;605;521;487
16787626;591;495;537;586;564;706
16787627;592;734;607;514;747;557
16787628;644;691;540;597;557;508
16787629;523;486;522;732;596;579
16787630;693;624;748;619;577;597
16787631;611;516;618;581;484;634
16787632;699;477;509;636;707;551
16787633;747;742;650;563;637;475
16787634;675;681;649;667;681;576
16787635;580;648;571;616;590;498
16787636;582;593;633;552;654;748
16787637;628;548;643;526;593;535
16787638;589;601;521;505;724;488
16787639;635;581;738;580;595;484
16787640;597;626;631;645;498;563
16787641;648;510;698;695;524;679
16787642;709;562;537;645;630;486
16787643;698;661;495;653;677;672
16787644;520;580;562;478;641;528
16787645;491;581;711;556;688;727
16787646;730;486;515;514;638;542
16787647;675;712;729;547;508;680
16787648;645;510;580;554;566;579
16787649;657;565;548;612;661;745
16787650;656;608;669;717;614;500
16787651;607;551;728;503;500;702
16787652;484;574;613;704;502;672
16787653;748;504;639;503;572;638
16787654;586;654;508;536;575;697
16787655;722;739;717;643;710;602
16787656;519;479;492;494;716;485
16787657;672;489;520;552;547;736
16787658;629;705;536;586;551;604
16787659;729;622;549;519;484;574
16787660;678;719;662;536;481;692
16787661;480;740;617;639;555;659
16787662;558;503;568;616;532;601
16787663;541;536;509;738;664;571
16787664;699;569;500;725;528;584
16787665;481;547;582;488;489;583
16787666;732;502;495;702;546;616
16787667;554;550;682;737;745;596
16787668;692;711;650;719;731;575
16787669;745;583;646;633;739;607
16787670;719;511;733;547;593;529
16787671;607;743;575;703;621;586
16787672;614;609;662;610;644;548
16787673;491;554;522;590;693;679
16787674;669;743;697;519;634;688
16787675;634;537;682;717;570;553
16787676;725;748;595;554;544;518
16787677;713;545;513;645;660;626
16787678;517;709;551;551;585;503
16787679;687;591;609;533;563;493
16787680;680;552;696;652;581;546
16787681;477;594;745;561;623;602
16787682;709;541;505;707;555;637
16787683;728;586;669;516;688;644
16787684;524;607;637;737;502;512
16787685;512;660;538;560;561;505
16787686;518;618;547;698;561;506
16787687;699;562;645;712;507;605
16787688;562;579;621;675;674;594
16787689;708;523;661;481;666;540
16787690;620;618;601;574;687;482
16787691;698;738;617;708;579;590
16787692;505;475;676;613;574;518
16787693;497;528;748;562;516;658
16787694;497;478;733;702;613;699
16787695;644;570;638;648;746;620
16787696;641;623;697;521;650;486
16787697;619;582;740;635;616;746
16787698;672;690;635;682;493;620
16787699;732;748;682;546;743;491
16787700;590;658;552;561;503;497
16787701;591;658;634;660;610;550
16787702;712;517;496;686;570;614
16787703;560;517;512;539;479;487
16787704;514;486;707;579;479;513
16787705;610;745;522;520;485;558
16787706;514;688;712;634;638;650
16787707;602;542;646;491;551;536
16787708;590;560;740;653;493;481
16787709;596;547;730;661;508;575
16787710;480;652;641;681;569;499
16787711;711;740;658;579;738;488
16787712;510;640;727;640;555;636
16787713;560;524;608;698;498;594
16787714;659;489;749;741;524;618
16787715;660;742;523;566;608;636
16787716;560;659;749;638;596;537
16787717;573;596;534;569;520;693
16787718;507;749;595;504;497;636
16787719;670;725;589;652;571;700
16787720;531;712;698;741;745;525
16787721;635;502;741;739;509;651
16787722;683;580;579;627;565;503
16787723;665;726;576;582;689;489
16787724;682;585;525;617;629;514
16787725;729;611;640;551;715;660
16787726;648;596;490;501;569;506
16787727;664;561;734;519;708;691
16787728;514;595;688;633;632;494
16787729;491;502;727;643;654;747
16787730;651;604;660;585;726;712
16787731;666;709;687;567;649;638
16787732;477;584;640;676;542;683
16787733;650;602;715;523;626;606
16787734;558;505;703;519;547;705
16787735;555;591;534;477;482;611
16787736;742;564;659;540;538;510
16787737;693;600;652;520;513;623
16787738;704;666;523;593;577;576
16787739;585;544;702;681;618;733
16787740;665;589;515;482;645;507
16787741;633;607;519;606;475;653
16787742;635;613;483;655;536;639
16787743;591;723;714;526;704;637
16787744;555;506;719;626;500;494
16787745;532;610;616;542;582;715
16787746;476;741;526;577;713;483
16787747;507;591;492;540;658;649
16787748;747;496;630;701;670;519
16787749;584;726;729;706;540;599
16787750;673;634;730;520;577;583
16787751;602;695;621;486;502;627
16787752;538;545;612;563;712;656
16787753;585;484;583;645;623;736
16787754;515;681;688;681;726;617
16787755;496;562;592;580;685;581
16787756;517;712;588;656;717;718
16787757;589;590;610;733;734;639
16787758;705;665;605;598;513;670
16787759;514;661;607;707;679;589
16787760;493;711;552;540;575;532
16787761;650;625;587;726;603;538
16787762;624;477;588;615;498;514
16787763;669;501;607;632;609;607
16787764;674;637;633;659;569;581
16787765;543;479;646;535;648;700
16787766;654;560;509;749;740;566
16787767;695;590;712;531;546;608
16787768;482;658;598;477;661;528
16787769;519;631;637;523;718;749
16787770;664;623;531;711;519;658
16787771;575;727;645;713;675;709
16787772;726;690;537;625;591;559
16787773;652;598;546;719;518;728
16787774;531;690;650;590;718;478
16787775;563;528;549;487;735;496
16787776;489;594;498;743;622;479
16787777;588;478;650;640;672;614
16787778;589;734;661;668;624;488
16787779;591;552;543;618;537;552
16787780;543;731;536;691;705;570
16787781;627;645;488;746;505;681
16787782;676;734;547;746;603;552
16787783;681;619;678;558;690;639
16787784;712;519;568;583;641;488
16787785;688;622;549;634;653;670
16787786;620;499;550;530;604;543
16787787;514;633;712;675;683;724
16787788;654;663;513;600;672;659
16787789;542;611;648;494;528;624
16787790;733;697;733;493;553;503
16787791;628;519;628;483;529;529
16787792;550;596;481;677;559;571
16787793;563;511;668;505;663;674
16787794;515;554;493;485;509;591
16787795;525;658;544;498;611;639
16787796;693;486;528;654;583;635
16787797;552;600;484;727;564;597
16787798;488;608;673;643;608;709
16787799;600;546;673;549;475;701
16787800;637;722;626;500;670;711
16787801;520;728;551;672;588;613
16787802;660;726;568;748;618;584
16787803;549;725;660;548;569;571
16787804;592;677;665;622;733;721
16787805;562;526;598;698;518;703
16787806;557;666;616;646;490;594
16787807;685;552;733;480;556;491
16787808;570;667;599;497;571;613
16787809;611;507;658;515;589;688
16787810;692;616;591;572;668;593
16787811;562;579;542;726;585;611
16787812;486;556;515;517;520;717
16787813;586;515;505;516;494;576
16787814;606;701;653;534;722;516
16787815;741;628;721;499;683;647
16787816;521;536;526;556;667;481
16787817;507;633;673;680;564;675
16787818;523;565;534;530;660;538
16787819;620;583;546;732;589;656
16787820;646;486;613;479;523;710
16787821;502;708;543;572;695;627
16787822;665;500;569;642;741;688
16787823;739;660;623;580;712;506
16787824;639;504;506;511;587;525
16787825;541;521;520;498;581;676
16787826;665;549;571;693;514;571
16787827;739;580;635;648;687;668
16787828;522;748;723;647;530;614
16787829;483;566;513;607;615;501
16787830;493;547;483;587;679;494
16787831;548;563;534;616;706;551
16787832;542;610;534;515;684;702
16787833;567;587;580;598;713;635
16787834;480;695;489;589;693;742
16787835;506;634;713;722;542;606
16787836;690;684;618;658;561;510
16787837;645;609;616;574;725;577
16787838;530;688;718;727;613;528
16787839;636;723;527;555;699;636
16787840;592;522;723;741;684;500
16787841;733;543;616;634;552;534
16787842;513;498;650;560;680;509
16787843;695;699;476;520;663;725
16787844;507;721;727;700;552;699
16787845;673;673;483;658;697;665
16787846;705;572;748;618;602;580
16787847;663;540;561;666;614;494
16787848;724;654;523;642;480;739
16787849;574;654;685;726;616;732
16787850;731;650;708;701;654;509
16787851;644;475;672;539;555;534
16787852;598;640;672;607;502;739
16787853;635;716;632;477;642;539
16787854;652;566;732;557;542;684
16787855;614;730;607;481;570;592
16787856;522;482;679;633;623;478
16787857;607;749;494;610;679;717
16787858;605;563;516;497;628;683
16787859;516;741;646;724;518;622
16787860;528;665;725;734;729;581
16787861;734;518;640;553;578;548
16787862;554;567;646;480;578;644
16787863;575;509;537;608;510;707
16787864;554;573;693;597;659;553
16787865;743;713;717;739;501;606
16787866;530;519;635;539;518;491
16787867;645;619;476;598;736;520
16787868;494;522;722;543;704;736
16787869;502;551;500;672;629;479
16787870;610;489;746;582;660;540
16787871;623;678;715;708;612;613
16787872;666;716;582;568;639;615
16787873;510;749;576;726;493;480
16787874;526;650;507;735;726;618
16787875;680;712;731;505;558;705
16787876;698;696;598;655;541;590
16787877;706;744;629;725;731;544
16787878;606;620;737;488;514;745
16787879;514;719;591;681;654;618
16787880;559;745;564;529;565;614
16787881;476;478;633;686;728;511
16787882;542;613;714;551;482;560
16787883;615;623;479;673;518;562
16787884;494;706;567;664;726;584
16787885;543;708;691;693;488;666
16787886;589;717;728;687;603;521
16787887;589;479;556;633;596;590
16787888;747;652;507;701;734;713
16787889;701;607;504;748;590;656
16787890;630;570;575;672;698;615
16787891;583;626;538;495;642;593
16787892;620;631;535;616;709;656
16787893;490;678;741;564;687;537
16787894;626;723;703;548;477;507
16787895;490;729;598;557;540;577
16787896;745;523;500;594;496;642
16787897;580;515;603;599;509;641
16787898;526;488;656;483;582;724
16787899;700;665;747;673;509;627
16787900;679;548;480;575;549;659
16787901;704;630;487;587;666;565
16787902;729;692;538;686;659;655
16787903;603;553;699;527;728;559
16787904;607;569;520;665;660;725
16787905;705;663;716;488;623;477
16787906;592;713;739;665;680;734
16787907;635;702;520;488;682;477
16787908;577;479;559;547;696;560
16787909;598;663;648;703;638;549
16787910;586;497;737;686;567;669
16787911;650;491;593;502;544;556
16787912;576;556;640;603;695;503
16787913;536;594;630;611;722;672
16787914;528;601;700;640;679;476
16787915;505;693;628;521;608;725
16787916;554;714;710;528;706;661
16787917;616;475;714;623;583;538
16787918;740;614;518;536;516;509
16787919;597;670;547;697;647;642
16787920;535;495;579;519;546;697
16787921;590;584;665;719;590;700
16787922;630;502;742;534;516;641
16787923;481;666;479;725;594;477
16787924;514;685;615;627;645;692
16787925;595;521;525;484;700;522
16787926;717;502;484;488;608;736
16787927;688;477;568;477;528;609
16787928;538;605;717;653;638;737
16787929;646;672;553;648;665;591
16787930;728;627;619;676;560;558
16787931;588;721;646;675;561;551
16787932;667;677;508;744;555;545
16787933;506;588;681;675;559;673
16787934;505;568;722;673;603;646
16787935;499;632;570;539;735;702
16787936;739;606;566;628;670;568
16787937;576;510;648;695;556;494
16787938;603;703;617;666;684;662
16787939;652;481;569;492;625;734
16787940;634;691;604;522;696;556
16787941;563;656;730;656;748;477
16787942;600;591;718;552;548;638
16787943;681;743;545;684;610;537
16787944;654;642;644;518;578;702
16787945;593;510;746;623;587;477
16787946;598;607;487;623;529;564
16787947;509;521;665;658;524;504
16787948;510;733;603;595;494;559
16787949;718;571;565;489;675;507
16787950;650;549;747;624;678;567
16787951;656;697;499;730;685;533
16787952;530;581;539;572;638;744
16787953;497;624;526;724;631;605
16787954;584;670;624;625;563;597
16787955;715;693;571;642;674;635
16787956;657;645;686;724;543;747
16787957;576;582;505;580;581;619
16787958;665;537;712;480;548;537
16787959;742;635;543;718;648;571
16787960;644;648;726;544;617;483
16787961;558;704;520;497;607;587
16787962;667;669;666;641;656;671
16787963;512;582;604;542;729;726
16787964;687;564;498;478;739;548
16787965;623;561;661;621;663;673
16787966;719;476;625;738;602;510
16787967;541;517;579;653;630;698
16787968;548;634;596;595;601;568
16787969;671;623;480;571;656;696
16787970;676;689;749;546;555;678
16787971;644;683;719;687;574;604
16787972;681;691;514;658;642;592
16787973;649;704;692;686;641;677
16787974;551;622;524;597;494;722
16787975;665;546;501;573;727;712
16787976;485;521;668;526;657;653
16787977;711;503;678;740;619;702
16787978;514;499;563;539;490;541
16787979;697;534;669;640;702;556
16787980;515;725;643;691;709;559
16787981;709;506;693;716;549;720
16787982;547;608;655;686;610;506
16787983;518;662;531;666;585;636
16787984;507;661;670;702;529;524
16787985;486;677;710;512;719;627
16787986;639;650;497;638;629;521
16787987;535;558;705;615;626;590
16787988;735;729;648;478;725;658
16787989;499;488;547;735;572;552
16787990;514;727;710;640;578;745
16787991;475;603;575;639;652;650
16787992;676;746;749;617;680;548
16787993;516;576;682;525;645;608
16787994;620;586;478;659;696;672
16787995;476;516;746;591;673;608
16787996;749;727;490;622;630;738
16787997;682;575;522;673;603;681
16787998;509;748;692;638;624;638
16787999;601;589;506;606;499;558
16788000;708;645;646;657;611;710
16788001;676;587;744;709;698;732
16788002;595;581;655;553;512;601
16788003;551;615;688;721;642;672
16788004;684;529;659;733;492;630
16788005;729;479;669;538;619;482
16788006;642;722;734;683;578;681
16788007;557;712;736;675;715;575
16788008;503;538;711;707;582;580
16788009;618;517;656;716;646;726
16788010;545;669;710;609;724;609
16788011;516;734;667;748;525;614
16788012;680;547;583;533;743;535
16788013;560;687;502;602;720;585
16788014;585;601;690;696;549;699
16788015;477;510;658;662;685;521
16788016;666;633;740;494;571;540
16788017;524;574;496;629;588;560
16788018;603;612;641;567;637;628
16788019;554;565;690;702;588;511
16788020;648;568;566;569;609;507
16788021;608;486;596;588;581;658
16788022;565;656;672;501;727;563
16788023;578;492;712;525;549;680
16788024;735;505;582;568;720;622
16788025;524;566;594;731;637;561
16788026;488;643;687;596;685;596
16788027;691;519;612;540;526;535
16788028;726;589;742;728;589;604
16788029;562;480;710;487;513;570
16788030;598;645;492;742;665;703
16788031;494;548;487;551;606;670
16788032;695;599;619;740;624;729
16788033;553;540;534;522;653;483
16788034;671;489;669;684;478;518
16788035;709;477;589;581;589;651
16788036;705;679;557;584;711;607
16788037;637;686;608;485;500;521
16788038;619;707;680;682;656;709
16788039;501;580;530;713;731;701
16788040;736;647;679;566;637;545
16788041;526;687;540;640;726;652
16788042;717;681;493;485;613;512
16788043;739;736;649;490;712;670
16788044;555;547;596;687;641;651
16788045;590;539;650;723;613;476
16788046;604;581;652;679;540;713
16788047;597;559;482;638;619;677
16788048;605;731;499;736;497;550
16788049;666;729;634;684;509;734
16788050;703;596;694;604;545;659
16788051;538;555;611;691;481;695
16788052;509;658;668;641;502;634
16788053;631;616;628;622;508;590
16788054;719;609;593;521;677;658
16788055;625;637;709;665;589;561
16788056;523;593;547;661;713;541
16788057;614;499;646;639;532;557
16788058;685;651;507;559;535;715
16788059;482;542;707;575;721;499
16788060;713;666;724;730;684;720
16788061;490;573;627;495;488;585
16788062;523;541;645;701;621;684
16788063;689;632;516;550;652;542
16788064;510;488;549;601;720;491
16788065;601;592;495;628;518;709
16788066;687;694;591;726;671;654
16788067;680;685;492;574;499;544
16788068;675;665;511;560;586;511
16788069;734;638;587;633;666;649
16788070;734;543;726;747;657;727
16788071;631;728;545;711;580;609
16788072;546;712;668;742;574;590
16788073;475;504;582;707;538;615
16788074;726;475;723;605;492;571
16788075;529;576;549;745;668;729
16788076;631;588;553;581;593;591
16788077;512;576;623;663;496;539
16788078;655;540;695;718;639;495
16788079;512;575;569;631;670;503
16788080;502;650;534;715;677;646
16788081;665;654;626;557;594;533
16788082;725;605;538;736;593;618
16788083;564;621;580;679;587;627
16788084;622;644;654;514;614;555
16788085;550;521;498;725;635;501
16788086;714;719;557;517;597;480
16788087;490;604;504;657;596;695
16788088;537;667;641;600;679;531
16788089;515;687;637;510;592;553
16788090;591;487;576;623;697;503
16788091;557;672;710;711;545;488
16788092;492;711;629;630;532;577
16788093;746;640;678;587;479;492
16788094;479;540;715;554;630;626
16788095;644;497;486;688;609;692
16788096;618;556;570;500;561;614
16788097;648;745;532;731;667;640
16788098;613;620;740;574;628;664
16788099;727;594;527;722;659;670
16788100;574;748;727;722;611;555
16788101;483;651;593;712;721;707
16788102;715;681;603;676;539;630
16788103;494;504;703;518;676;729
16788104;678;551;626;746;525;491
16788105;708;565;716;631;520;625
16788106;673;749;626;689;525;643
16788107;547;720;493;620;646;563
16788108;581;620;570;591;533;518
16788109;624;723;573;711;525;486
16788110;616;705;658;538;533;678
16788111;739;532;540;642;659;681
16788112;643;698;548;590;614;491
16788113;731;612;748;699;604;572
16788114;704;557;504;662;685;486
16788115;649;663;660;680;732;569
16788116;627;605;480;555;540;732
16788117;630;728;528;592;477;639
16788118;692;534;692;632;528;718
16788119;672;494;701;605;654;651
16788120;509;734;670;671;738;612
16788121;533;675;683;559;717;508
16788122;597;627;578;714;529;663
16788123;676;610;647;688;610;738
16788124;567;706;664;691;538;696
16788125;559;547;488;654;718;711
16788126;741;572;607;576;488;599
16788127;727;667;667;552;487;631
16788128;640;688;485;629;729;548
16788129;544;744;562;686;706;508
16788130;683;699;606;698;559;635
16788131;732;714;553;529;504;484
16788132;582;518;694;630;526;504
16788133;524;644;677;701;518;561
16788134;509;550;478;566;582;615
16788135;552;526;480;689;646;629
16788136;595;732;612;576;630;711
16788137;592;566;510;710;686;698
16788138;657;689;591;502;521;549
16788139;666;656;583;595;559;715
16788140;687;561;489;590;539;570
16788141;663;727;670;622;688;638
16788142;494;580;730;684;572;518
16788143;592;574;549;612;679;639
16788144;692;492;499;724;481;593
16788145;614;495;518;719;678;749
16788146;553;519;709;543;557;544
16788147;706;525;564;551;540;635
16788148;685;519;656;578;742;705
16788149;672;656;663;480;635;661
16788150;550;629;549;736;696;641
16788151;547;578;572;656;673;710
16788152;691;606;605;599;662;712
16788153;518;603;583;665;520;678
16788154;698;571;677;611;655;572
16788155;733;620;690;689;544;529
16788156;695;634;718;691;542;732
16788157;732;539;650;727;715;512
16788158;503;540;564;688;739;594
16788159;616;574;615;629;563;480
16788160;671;546;742;523;691;564
16788161;561;496;560;549;576;546
16788162;536;712;592;729;486;653
16788163;713;590;565;510;655;749
16788164;717;586;731;483;519;749
16788165;687;634;712;591;684;549
16788166;533;728;613;541;682;644
16788167;524;628;582;521;560;591
16788168;642;626;477;531;481;532
16788169;519;569;659;494;706;664
16788170;482;513;682;735;652;535
16788171;700;696;518;478;649;557
16788172;509;518;733;513;555;736
16788173;535;685;579;578;603;534
16788174;722;600;738;680;743;666
16788175;617;482;629;662;507;735
16788176;675;498;542;671;564;670
16788177;656;604;728;598;586;540
16788178;634;550;641;600;599;715
16788179;732;706;483;714;714;571
16788180;615;664;714;696;741;678
16788181;564;525;738;674;536;715
16788182;554;726;676;619;598;623
16788183;535;740;643;592;659;573
16788184;612;570;749;515;561;528
16788185;722;609;654;529;518;540
16788186;574;695;658;699;717;625
16788187;485;652;746;701;572;633
16788188;726;491;516;706;700;509
16788189;657;664;535;638;690;609
16788190;704;611;705;593;571;666
16788191;666;730;664;648;681;677
16788192;657;544;684;575;638;693
16788193;514;556;519;582;659;570
16788194;630;748;573;523;512;567
16788195;549;705;524;676;677;710
16788196;697;520;660;726;576;670
16788197;565;574;565;518;557;660
16788198;483;731;580;749;734;625
16788199;596;712;537;561;598;714
16788200;716;522;556;742;718;479
16788201;490;532;482;575;482;586
16788202;685;598;531;747;545;526
16788203;518;486;706;679;635;537
16788204;516;671;678;673;571;547
16788205;631;583;646;695;655;600
16788206;680;714;573;500;501;719
16788207;647;645;494;574;521;519
16788208;724;547;662;543;697;641
16788209;506;557;653;519;509;568
16788210;684;481;538;507;527;665
16788211;733;503;485;747;689;679
16788212;638;612;714;641;520;674
16788213;576;728;654;652;738;741
16788214;684;635;711;641;607;543
16788215;504;717;635;610;592;744
16788216;710;650;573;511;544;505
16788217;568;647;730;612;518;691
16788218;648;550;574;650;602;628
16788219;718;739;634;485;540;599
16788220;498;503;514;562;662;631
16788221;541;734;575;542;593;524
16788222;729;506;561;673;595;643
16788223;632;541;690;690;708;700
16788224;638;684;497;603;709;643
16788225;723;484;716;640;599;495
16788226;718;686;483;649;610;733
16788227;725;722;712;633;478;690
16788228;689;683;545;652;665;701
16788229;688;587;706;515;554;490
16788230;549;719;711;619;514;644
16788231;659;583;528;493;606;695
16788232;675;587;622;700;536;529
16788233;749;711;493;542;737;591
16788234;572;722;534;492;482;495
16788235;662;731;509;537;730;703
16788236;733;683;586;660;710;538
16788237;589;694;593;544;605;552
16788238;561;705;515;594;593;627
16788239;708;548;594;554;544;624
16788240;618;479;632;636;686;558
16788241;719;646;684;559;691;527
16788242;727;549;511;551;597;600
16788243;508;509;537;521;637;708
16788244;701;557;496;547;722;707
16788245;492;622;653;688;697;644
16788246;577;689;568;613;655;615
16788247;689;657;669;670;488;715
16788248;709;599;591;671;484;717
16788249;608;643;640;706;580;523
16788250;744;555;528;577;576;588
16788251;671;662;556;679;678;486
16788252;692;660;655;649;668;585
16788253;738;587;556;504;510;657
16788254;654;514;510;725;591;573
16788255;728;510;568;491;666;577
16788256;725;641;488;734;537;632
16788257;640;649;722;687;740;635
16788258;722;484;693;699;632;661
16788259;689;632;700;721;733;596
16788260;675;635;628;475;551;481
16788261;665;661;515;475;742;624
16788262;703;598;749;582;652;553
16788263;730;666;561;741;614;735
16788264;732;502;688;683;732;570
16788265;730;650;623;591;541;567
16788266;499;548;539;686;480;556
16788267;545;650;747;606;598;587
16788268;715;494;663;572;635;565
16788269;682;533;542;637;482;690
16788270;612;626;619;598;509;555
16788271;697;678;612;577;558;590
16788272;483;740;602;576;738;539
16788273;712;737;676;676;481;632
16788274;717;598;684;614;536;591
16788275;730;515;526;710;578;714
16788276;514;528;713;598;512;703
16788277;488;482;570;747;648;747
16788278;511;627;583;532;523;620
16788279;585;714;525;708;634;739
16788280;734;514;523;561;503;614
16788281;602;558;715;544;561;640
16788282;671;656;619;555;623;677
16788283;520;490;546;530;734;735
16788284;722;605;601;664;632;585
16788285;592;514;681;495;725;513
16788286;539;663;563;697;613;645
16788287;669;475;736;732;492;611
16788288;749;683;712;580;628;633
16788289;495;557;699;522;673;538
16788290;545;704;535;634;693;547
16788291;555;512;544;591;588;501
16788292;660;595;609;663;705;705
16788293;646;497;725;701;530;592
16788294;547;696;693;494;616;715
16788295;711;631;524;703;481;658
16788296;748;593;540;722;568;549
16788297;497;629;523;735;615;523
16788298;664;665;601;582;509;710
16788299;690;503;580;574;709;672
16788300;698;577;550;544;617;698
16788301;654;498;574;711;597;585
16788302;477;624;479;687;644;711
16788303;643;522;561;546;602;689
16788304;645;545;718;586;511;587
16788305;693;694;592;519;515;603
16788306;497;663;642;652;604;669
16788307;543;656;575;660;529;649
16788308;558;592;519;598;659;692
16788309;698;497;723;601;556;571
16788310;570;733;660;615;674;599
16788311;747;482;738;479;592;653
16788312;735;706;639;624;579;515
16788313;610;509;645;523;559;701
16788314;711;690;662;630;621;552
16788315;699;706;645;696;577;501
16788316;677;717;636;591;489;591
16788317;737;668;699;743;644;580
16788318;584;722;617;510;745;695
16788319;705;730;744;545;594;699
16788320;499;570;671;517;505;530
16788321;673;555;674;749;667;734
16788322;580;744;695;738;689;545
16788323;674;643;592;601;747;561
16788324;663;497;502;475;518;589
16788325;483;654;527;683;616;617
16788326;525;490;667;614;626;648
16788327;502;521;675;563;586;645
16788328;507;740;692;745;596;482
16788329;723;570;665;738;496;655
16788330;537;609;619;644;706;577
16788331;548;654;494;609;725;734
16788332;677;506;613;564;669;708
16788333;525;631;609;734;489;710
16788334;669;688;584;486;704;664
16788335;522;539;546;528;560;648
16788336;644;487;477;680;700;629
16788337;535;533;618;568;693;703
16788338;722;699;746;551;657;574
16788339;688;555;665;628;701;540
16788340;725;720;574;637;526;533
16788341;494;614;686;647;488;542
16788342;742;546;493;711;611;688
16788343;535;552;518;528;536;482
16788344;498;587;529;494;638;590
16788345;695;746;566;722;735;677